{"A":{"0":0.9572447021,"1":1.6756098278,"2":0.7208977396,"3":1.6470697622,"4":-1.0363031725},"B":{"0":1.2877642649,"1":-1.0646648636,"2":0.9824593997,"3":1.2943496823,"4":-0.8482178434},"C":{"0":-1.0254527574,"1":-0.0997193425,"2":-0.5298587791,"3":1.7058502527,"4":0.359618586}}